{
  "configuration": {
    "top_n_protocols": 10,
    "analysis_months": 24,
    "simulation_period_days": 30,
    "annual_interest_rate": 0.25,
    "withdrawal_enabled": true,
    "withdrawal_timing_pct": 0.25,
    "withdrawal_amount_pct": 0.7
  },
  "protocols_analyzed": [
    "aave-v3",
    "ethena-usde",
    "pendle",
    "morpho-blue",
    "sky-lending",
    "justlend",
    "sparklend",
    "veda",
    "spark-liquidity-layer",
    "polygon-bridge-&-staking"
  ],
  "statistics": {
    "mean_return_pct": -4.207094525015045,
    "median_return_pct": -2.5217705729157602,
    "std_return_pct": 4.188367430934879,
    "min_return_pct": -20.806140537500863,
    "max_return_pct": -1.228656133193029,
    "positive_periods": 0,
    "total_periods": 691,
    "percentile_10_worst": -10.764039322173124,
    "percentile_20_worst": -3.9056104317102047,
    "percentile_40_worst": -2.73317480186851,
    "percentile_60_worst": -2.2898711409199524,
    "percentile_80_worst": -1.9866093339066082,
    "percentile_90_worst": -1.8522817506454237
  },
  "final_returns": [
    -0.022840985957389037,
    -0.02519196967529036,
    -0.031281600274988386,
    -0.03205220905357897,
    -0.034719296535681954,
    -0.04094622787181934,
    -0.04164889699555929,
    -0.04345834862678899,
    -0.022898711409199524,
    -0.03068852861535143,
    -0.02270458245767315,
    -0.02391002459170599,
    -0.0272803696641587,
    -0.026456116440293553,
    -0.02596495889172945,
    -0.026316221768109327,
    -0.0260091961918969,
    -0.026728687064872747,
    -0.028393608523052283,
    -0.028329749137401383,
    -0.024373811641005605,
    -0.02339464792896151,
    -0.024663894457506164,
    -0.024798093853286574,
    -0.02500378224439992,
    -0.02543158689649372,
    -0.024215194570673004,
    -0.024681434997610885,
    -0.025411740879210498,
    -0.024619025988885768,
    -0.020129321894782004,
    -0.020108560769210304,
    -0.020605861099509015,
    -0.017740579063246442,
    -0.0182234598676857,
    -0.017881326827499322,
    -0.02206419847337371,
    -0.02248918393428645,
    -0.024697890165736203,
    -0.0250055317559692,
    -0.02553874194358774,
    -0.033002680239165194,
    -0.03605871074574263,
    -0.03396740875282955,
    -0.0233001509173969,
    -0.02369879299090949,
    -0.021140436798882445,
    -0.02263868671890701,
    -0.027628431821056343,
    -0.027062021768816225,
    -0.029459094776357664,
    -0.03143841970764072,
    -0.03251059710391779,
    -0.03292756609779168,
    -0.03231167114958722,
    -0.03215094078810199,
    -0.0326410628721896,
    -0.030245578162465647,
    -0.03063599130739625,
    -0.02808019911923787,
    -0.034482389075460085,
    -0.030364959469283415,
    -0.0307781012006888,
    -0.027361644885528613,
    -0.022933890651122724,
    -0.02150927477702469,
    -0.020117865141640268,
    -0.020731739032630925,
    -0.021663634628035444,
    -0.03224281319970679,
    -0.03544345531662507,
    -0.03145441770267965,
    -0.034443418011050886,
    -0.039691429867389716,
    -0.03905610431710205,
    -0.04164666525892713,
    -0.041471579281333715,
    -0.026942588757505104,
    -0.027643342307985597,
    -0.02768731398705604,
    -0.02496000368573037,
    -0.028837930019481872,
    -0.025326339508182638,
    -0.02679304635666746,
    -0.028950701817605395,
    -0.020965005588830188,
    -0.023731305738591835,
    -0.02423250564867674,
    -0.028475763487183614,
    -0.020432184173250656,
    -0.023173822368832475,
    -0.021656394909786547,
    -0.026457720178363453,
    -0.02979274201055193,
    -0.02905478857042909,
    -0.028768449865011037,
    -0.02653650000777308,
    -0.025037835631537386,
    -0.026201535242289298,
    -0.028847164321460728,
    -0.028342580051921806,
    -0.02625566091282483,
    -0.02688455558696856,
    -0.02706570981240708,
    -0.02858044036793672,
    -0.0271888244480315,
    -0.02673418595761301,
    -0.024447460967632173,
    -0.023355447937738694,
    -0.022749851646966524,
    -0.022159335144267822,
    -0.02152801804938731,
    -0.023228466724006913,
    -0.02234595347786228,
    -0.021502999650770405,
    -0.020686300356103415,
    -0.02222163010705458,
    -0.021542090771401345,
    -0.022332004128581828,
    -0.1336511530383515,
    -0.1334732956720759,
    -0.13331854611492144,
    -0.13233920611274963,
    -0.1325400345210498,
    -0.12294909502530915,
    -0.11351480415760862,
    -0.10416319501186144,
    -0.10274768329872297,
    -0.09855346751049388,
    -0.09791102800513485,
    -0.0939406254619265,
    -0.10094254654999846,
    -0.1131822179805192,
    -0.09655757236909335,
    -0.08989772414069241,
    -0.0795838804760246,
    -0.07296453714757445,
    -0.058843304135144714,
    -0.06284979307248328,
    -0.058798422182764876,
    -0.057685074083127175,
    -0.061947203930092676,
    -0.06329561254253313,
    -0.06433854017163654,
    -0.0662281499764461,
    -0.08261433365688953,
    -0.0883631064584226,
    -0.09285722036978206,
    -0.10318186347061409,
    -0.0977904965897618,
    -0.19206902066150866,
    -0.1890199607883748,
    -0.19183196530992108,
    -0.18689414496731982,
    -0.19303594013104497,
    -0.1933915714018094,
    -0.12423740295518271,
    -0.12014782672199709,
    -0.12410672357437214,
    -0.1526378578245431,
    -0.1650238961612961,
    -0.17612787164742072,
    -0.1713255583370198,
    -0.16916810858092945,
    -0.1730318718834517,
    -0.17143655411321923,
    -0.17904485856386965,
    -0.17470824842615185,
    -0.16863707833302155,
    -0.17237499502738762,
    -0.17223352745160103,
    -0.1682159196149401,
    -0.16406063186206044,
    -0.18642636745859986,
    -0.16015216802563836,
    -0.1316283696352727,
    -0.12799013147852678,
    -0.11108839285682193,
    -0.10076818398867438,
    -0.1144336017434815,
    -0.11439211790816195,
    -0.10639605988355505,
    -0.13160042583779574,
    -0.131345777350918,
    -0.12214418641245428,
    -0.11463708442860565,
    -0.12665919530576264,
    -0.11049494971975338,
    -0.09479863816007172,
    -0.09715126624309145,
    -0.09303675492939356,
    -0.09545742932102153,
    -0.10048413360127595,
    -0.10764039322173125,
    -0.10643265334162522,
    -0.10148514247557994,
    -0.09828436038812427,
    -0.10712262149693375,
    -0.10573378084512619,
    -0.1043859370805148,
    -0.10481230151475118,
    -0.10642580409500035,
    -0.10565828893988172,
    -0.12498149485773091,
    -0.13392604374869232,
    -0.14293863972613552,
    -0.1399260337033824,
    -0.14905557491557697,
    -0.15873991079109295,
    -0.1472603852158323,
    -0.1500387773172407,
    -0.1537958770332969,
    -0.14917692154611273,
    -0.1425418824771758,
    -0.15075986291781818,
    -0.14774476788329072,
    -0.14955956769704826,
    -0.16004558889725862,
    -0.2080614053750086,
    -0.1849869168663788,
    -0.1830487324356478,
    -0.1848182244981762,
    -0.2008385437483564,
    -0.20502646238003297,
    -0.1700408143024913,
    -0.1701499589673282,
    -0.1051823141588567,
    -0.09574603763977518,
    -0.11631456207286306,
    -0.1165418767468347,
    -0.09412097859375168,
    -0.08654602629316943,
    -0.10245711290844117,
    -0.0788202009033736,
    -0.06747167088676775,
    -0.07224119419384145,
    -0.03830493136249846,
    -0.03827371076228736,
    -0.03486836885291478,
    -0.03721801635768174,
    -0.021759325731145363,
    -0.022811960324065295,
    -0.02220064895283047,
    -0.021530876627067097,
    -0.020939481777609736,
    -0.01956983836470194,
    -0.018606349607409922,
    -0.017671496746352267,
    -0.017960115864732118,
    -0.017478464287291384,
    -0.016934945329782125,
    -0.016686535441705175,
    -0.016777880749155982,
    -0.019919305237135476,
    -0.01976761590537124,
    -0.019421634351169725,
    -0.01884469788232157,
    -0.01913787036813519,
    -0.019699920429586903,
    -0.02004598457007034,
    -0.020917751429828102,
    -0.02083320100438879,
    -0.021477494536372044,
    -0.022174732311600276,
    -0.02183564029278029,
